[
  {
    "id": "153dd65d-2cae-41b3-9cd0-0c19cad71338",
    "data": [
      {
        "text": "go back",
        "userDefined": false
      }
    ],
    "isTemplate": false,
    "count": 0,
    "lang": "en",
    "updated": 0
  },
  {
    "id": "416c1a9d-38ab-4100-b635-9edaa958d276",
    "data": [
      {
        "text": "back",
        "userDefined": false
      }
    ],
    "isTemplate": false,
    "count": 0,
    "lang": "en",
    "updated": 0
  },
  {
    "id": "aa994c2f-6724-46a1-a8d9-f561e008ff27",
    "data": [
      {
        "text": "back to menu",
        "userDefined": false
      }
    ],
    "isTemplate": false,
    "count": 0,
    "lang": "en",
    "updated": 0
  }
]