[
  {
    "id": "72ab2c00-37aa-41a0-be4c-0e0729516e20",
    "data": [
      {
        "text": "check Paper-",
        "userDefined": false
      },
      {
        "text": "A X VX sda",
        "meta": "@sys.any",
        "alias": "any",
        "userDefined": true
      }
    ],
    "isTemplate": false,
    "count": 0,
    "lang": "en",
    "updated": 0
  },
  {
    "id": "042c5432-f273-4301-886b-0f32483dcad9",
    "data": [
      {
        "text": "compare Paper-",
        "userDefined": false
      },
      {
        "text": "A X VX sda",
        "meta": "@sys.any",
        "alias": "any",
        "userDefined": true
      }
    ],
    "isTemplate": false,
    "count": 0,
    "lang": "en",
    "updated": 0
  },
  {
    "id": "a33c62e5-132f-4a22-bc3a-2bb282bd6543",
    "data": [
      {
        "text": "search Paper-",
        "userDefined": false
      },
      {
        "text": "Asd das dasd",
        "meta": "@sys.any",
        "alias": "any",
        "userDefined": true
      }
    ],
    "isTemplate": false,
    "count": 0,
    "lang": "en",
    "updated": 0
  },
  {
    "id": "242c791a-de60-4c12-9f58-ba099d1049b0",
    "data": [
      {
        "text": "Paper-",
        "userDefined": false
      },
      {
        "text": "A X VX sda",
        "meta": "@sys.any",
        "alias": "any",
        "userDefined": true
      }
    ],
    "isTemplate": false,
    "count": 0,
    "lang": "en",
    "updated": 0
  },
  {
    "id": "a5c9afd2-26f6-4e6d-afa0-e20e86602945",
    "data": [
      {
        "text": "Paper-",
        "userDefined": false
      },
      {
        "text": "WSfdak",
        "meta": "@sys.any",
        "alias": "any",
        "userDefined": true
      }
    ],
    "isTemplate": false,
    "count": 0,
    "lang": "en",
    "updated": 0
  },
  {
    "id": "dd36c4e7-da56-413f-bc51-7def110bf8f7",
    "data": [
      {
        "text": "I want to search Paper-",
        "userDefined": false
      },
      {
        "text": "XMLdsada dsad dasd da",
        "meta": "@sys.any",
        "alias": "any",
        "userDefined": true
      }
    ],
    "isTemplate": false,
    "count": 0,
    "lang": "en",
    "updated": 0
  }
]