[
  {
    "id": "d9376bad-9a87-4a38-9fdc-72c442d9984c",
    "data": [
      {
        "text": "ready to study",
        "userDefined": false
      }
    ],
    "isTemplate": false,
    "count": 0,
    "lang": "en",
    "updated": 0
  },
  {
    "id": "44efd93d-d400-4a9d-b1f0-abe621a9bd40",
    "data": [
      {
        "text": "I want to learn.",
        "userDefined": false
      }
    ],
    "isTemplate": false,
    "count": 0,
    "lang": "en",
    "updated": 0
  },
  {
    "id": "593d3958-6e07-47ce-a8e3-060fcf20ca1b",
    "data": [
      {
        "text": "/PaperStudy",
        "userDefined": false
      }
    ],
    "isTemplate": false,
    "count": 0,
    "lang": "en",
    "updated": 0
  },
  {
    "id": "bc730e77-4d8b-4ca9-b4d0-1e5e47e58d16",
    "data": [
      {
        "text": "paper study",
        "userDefined": false
      }
    ],
    "isTemplate": false,
    "count": 0,
    "lang": "en",
    "updated": 0
  }
]