[
  {
    "id": "969636b5-428d-4d97-9035-0675bece057a",
    "data": [
      {
        "text": "Can you give me some suggestions",
        "userDefined": false
      }
    ],
    "isTemplate": false,
    "count": 0,
    "lang": "en",
    "updated": 0
  },
  {
    "id": "d8ee7aa4-46b1-4ef3-afc9-7ea3d67e1e4c",
    "data": [
      {
        "text": "I have no idea to write",
        "userDefined": false
      }
    ],
    "isTemplate": false,
    "count": 0,
    "lang": "en",
    "updated": 0
  },
  {
    "id": "c42a57e4-ee12-485d-952b-c5dbe14e8447",
    "data": [
      {
        "text": "write text",
        "userDefined": false
      }
    ],
    "isTemplate": false,
    "count": 0,
    "lang": "en",
    "updated": 0
  }
]