[
  {
    "id": "53efb8f0-9569-44f5-9b97-702b9eaf88da",
    "data": [
      {
        "text": "title",
        "meta": "@sys.any",
        "alias": "any",
        "userDefined": true
      },
      {
        "text": " generate",
        "userDefined": false
      }
    ],
    "isTemplate": false,
    "count": 0,
    "lang": "en",
    "updated": 0
  },
  {
    "id": "676b6cf5-6d59-42e5-9092-1b7e96e42f08",
    "data": [
      {
        "text": "Generate ",
        "userDefined": false
      },
      {
        "text": "Title",
        "meta": "@sys.any",
        "alias": "any",
        "userDefined": true
      }
    ],
    "isTemplate": false,
    "count": 0,
    "lang": "en",
    "updated": 0
  }
]