[
  {
    "id": "4410a70d-ed39-4604-94e0-58b7ab4191b6",
    "data": [
      {
        "text": "Grammer-",
        "userDefined": false
      },
      {
        "text": "dsadasd",
        "meta": "@sys.any",
        "alias": "any",
        "userDefined": true
      }
    ],
    "isTemplate": false,
    "count": 0,
    "lang": "en",
    "updated": 0
  },
  {
    "id": "550b649e-f5ea-42e2-bb76-065e26562d42",
    "data": [
      {
        "text": "Grammer-",
        "userDefined": false
      },
      {
        "text": "This paper has totally 11 non-zero features.For our model,",
        "meta": "@sys.any",
        "alias": "any",
        "userDefined": true
      }
    ],
    "isTemplate": false,
    "count": 0,
    "lang": "en",
    "updated": 0
  }
]