[
  {
    "id": "96e44009-23db-485f-a709-0e3707848fa5",
    "data": [
      {
        "text": "topic-",
        "userDefined": false
      },
      {
        "text": "dass",
        "meta": "@sys.any",
        "alias": "any",
        "userDefined": true
      }
    ],
    "isTemplate": false,
    "count": 0,
    "lang": "en",
    "updated": 0
  },
  {
    "id": "c8da677b-f370-436c-89e3-1c40f451f6ee",
    "data": [
      {
        "text": "Topic-",
        "userDefined": false
      },
      {
        "text": "sd dsa das",
        "meta": "@sys.any",
        "alias": "any",
        "userDefined": true
      }
    ],
    "isTemplate": false,
    "count": 0,
    "lang": "en",
    "updated": 0
  }
]