[
  {
    "id": "7255699a-94ad-4ba7-9729-8bae9266bcc6",
    "data": [
      {
        "text": "tell me something about PN-",
        "userDefined": false
      },
      {
        "text": "Dialogflow is a Google\u0027s bot platform that work on natural language processing.",
        "meta": "@sys.any",
        "alias": "any",
        "userDefined": true
      }
    ],
    "isTemplate": false,
    "count": 0,
    "lang": "en",
    "updated": 0
  },
  {
    "id": "a65be039-7e57-4f8c-9efc-7220d358ef5e",
    "data": [
      {
        "text": "Please help me to find PN-",
        "userDefined": false
      },
      {
        "text": "Abcsadsa",
        "meta": "@sys.any",
        "alias": "any",
        "userDefined": true
      }
    ],
    "isTemplate": false,
    "count": 0,
    "lang": "en",
    "updated": 0
  },
  {
    "id": "f7c84fe0-165f-483f-97ce-55032397c190",
    "data": [
      {
        "text": "PN-",
        "userDefined": false
      },
      {
        "text": "S-PSUPR Agenda_ FT",
        "meta": "@sys.any",
        "alias": "any",
        "userDefined": true
      }
    ],
    "isTemplate": false,
    "count": 0,
    "lang": "en",
    "updated": 0
  },
  {
    "id": "fa06fd22-38da-4345-8b42-a366a5ef5c66",
    "data": [
      {
        "text": "Pn-",
        "userDefined": false
      },
      {
        "text": "cd md",
        "meta": "@sys.any",
        "alias": "any",
        "userDefined": true
      }
    ],
    "isTemplate": false,
    "count": 0,
    "lang": "en",
    "updated": 0
  },
  {
    "id": "a53c33e9-d1c2-4dfa-a51d-2a3d6e1203b4",
    "data": [
      {
        "text": "pn-",
        "userDefined": false
      },
      {
        "text": "abcd",
        "meta": "@sys.any",
        "alias": "any",
        "userDefined": true
      }
    ],
    "isTemplate": false,
    "count": 0,
    "lang": "en",
    "updated": 0
  }
]