[
  {
    "id": "cc6b34c6-3b5c-4dd8-ac48-a34cfc256584",
    "data": [
      {
        "text": "/",
        "userDefined": false
      },
      {
        "text": "6d5f423164cd5ef9324281652987c8a65009e98e",
        "meta": "@sys.any",
        "alias": "any",
        "userDefined": true
      }
    ],
    "isTemplate": false,
    "count": 0,
    "lang": "en",
    "updated": 0
  },
  {
    "id": "a8a5db08-4807-4b07-8bce-5cef6d66301d",
    "data": [
      {
        "text": "/",
        "userDefined": false
      },
      {
        "text": "526cf249c2760b7bdbb28f2a2a7c85851d3c2727",
        "meta": "@sys.any",
        "alias": "any",
        "userDefined": true
      }
    ],
    "isTemplate": false,
    "count": 1,
    "lang": "en",
    "updated": 0
  }
]