[
  {
    "id": "b7408f28-dd92-4dbd-921f-3f516c0338ea",
    "data": [
      {
        "text": "follow Author-",
        "userDefined": false
      },
      {
        "text": "Ann",
        "meta": "@sys.any",
        "alias": "any",
        "userDefined": true
      }
    ],
    "isTemplate": false,
    "count": 0,
    "lang": "en",
    "updated": 0
  },
  {
    "id": "1a4fe3ab-3bb1-4950-bd30-ab3bc1b63424",
    "data": [
      {
        "text": "search Author-",
        "userDefined": false
      },
      {
        "text": "Ann",
        "meta": "@sys.any",
        "alias": "any",
        "userDefined": true
      }
    ],
    "isTemplate": false,
    "count": 0,
    "lang": "en",
    "updated": 0
  },
  {
    "id": "b5850dd2-8d97-4a1b-acc6-7e59a2ed5a4c",
    "data": [
      {
        "text": "I want to follow Author-",
        "userDefined": false
      },
      {
        "text": "Ann",
        "meta": "@sys.any",
        "alias": "any",
        "userDefined": true
      }
    ],
    "isTemplate": false,
    "count": 0,
    "lang": "en",
    "updated": 0
  },
  {
    "id": "4b6c50fc-84e5-4088-b5b5-97193bcea551",
    "data": [
      {
        "text": "I want to search Author-",
        "userDefined": false
      },
      {
        "text": "Ann",
        "meta": "@sys.any",
        "alias": "any",
        "userDefined": true
      }
    ],
    "isTemplate": false,
    "count": 0,
    "lang": "en",
    "updated": 0
  },
  {
    "id": "06442e80-f4b9-481b-bb11-36e7ebc85e87",
    "data": [
      {
        "text": "help me search Author-",
        "userDefined": false
      },
      {
        "text": "Ann",
        "meta": "@sys.any",
        "alias": "any",
        "userDefined": true
      }
    ],
    "isTemplate": false,
    "count": 0,
    "lang": "en",
    "updated": 0
  },
  {
    "id": "cd826880-35e1-4e4a-aebe-8a7c299e5982",
    "data": [
      {
        "text": "Author-",
        "userDefined": false
      },
      {
        "text": "Ulrica von Thiele Schwarz",
        "meta": "@sys.any",
        "alias": "any",
        "userDefined": true
      }
    ],
    "isTemplate": false,
    "count": 0,
    "lang": "en",
    "updated": 0
  },
  {
    "id": "9f862bcc-a19e-41d6-8537-89e72f585640",
    "data": [
      {
        "text": "Author-",
        "userDefined": false
      },
      {
        "text": "peter bob hence",
        "meta": "@sys.any",
        "alias": "any",
        "userDefined": true
      }
    ],
    "isTemplate": false,
    "count": 0,
    "lang": "en",
    "updated": 0
  },
  {
    "id": "4003f950-447c-4a34-b1d6-172a600dc7d8",
    "data": [
      {
        "text": "Author-",
        "userDefined": false
      },
      {
        "text": "Fangjie Guo",
        "meta": "@sys.any",
        "alias": "any",
        "userDefined": true
      }
    ],
    "isTemplate": false,
    "count": 0,
    "lang": "en",
    "updated": 0
  },
  {
    "id": "63e9afe2-eda2-4366-97c8-a7307be94d30",
    "data": [
      {
        "text": "Author-",
        "userDefined": false
      },
      {
        "text": "peter pang",
        "meta": "@sys.any",
        "alias": "any",
        "userDefined": true
      }
    ],
    "isTemplate": false,
    "count": 0,
    "lang": "en",
    "updated": 0
  },
  {
    "id": "d38ab70e-a8e3-44f9-b94d-c1dc65ea3b98",
    "data": [
      {
        "text": "Author-",
        "userDefined": false
      },
      {
        "text": "dennis",
        "meta": "@sys.any",
        "alias": "any",
        "userDefined": true
      }
    ],
    "isTemplate": false,
    "count": 0,
    "lang": "en",
    "updated": 0
  }
]