[
  {
    "id": "b7007739-58aa-465c-b973-c56d5eab833c",
    "data": [
      {
        "text": "I am interested in Field-",
        "userDefined": false
      },
      {
        "text": "CV csa",
        "meta": "@sys.any",
        "alias": "any",
        "userDefined": true
      }
    ],
    "isTemplate": false,
    "count": 0,
    "lang": "en",
    "updated": 0
  },
  {
    "id": "6c27bd10-8192-41d8-95b0-2668bf629671",
    "data": [
      {
        "text": "Field-",
        "userDefined": false
      },
      {
        "text": "computer vision",
        "meta": "@sys.any",
        "alias": "any",
        "userDefined": true
      }
    ],
    "isTemplate": false,
    "count": 0,
    "lang": "en",
    "updated": 0
  },
  {
    "id": "0a8a937a-4843-4b0e-a8b2-586eb0f4fad8",
    "data": [
      {
        "text": "Field-",
        "userDefined": false
      },
      {
        "text": "CV",
        "meta": "@sys.any",
        "alias": "any",
        "userDefined": true
      }
    ],
    "isTemplate": false,
    "count": 0,
    "lang": "en",
    "updated": 0
  },
  {
    "id": "aee75247-181d-4d94-9b44-6dcbb0c29319",
    "data": [
      {
        "text": "Field-",
        "userDefined": false
      },
      {
        "text": "deep learning",
        "meta": "@sys.any",
        "alias": "any",
        "userDefined": true
      }
    ],
    "isTemplate": false,
    "count": 0,
    "lang": "en",
    "updated": 0
  },
  {
    "id": "c13a1747-c619-4d65-b6ce-b06453cb8e5a",
    "data": [
      {
        "text": "Field-",
        "userDefined": false
      },
      {
        "text": "machine learing",
        "meta": "@sys.any",
        "alias": "any",
        "userDefined": true
      }
    ],
    "isTemplate": false,
    "count": 0,
    "lang": "en",
    "updated": 0
  },
  {
    "id": "d145dce6-862b-4734-b90a-632d5bbb0629",
    "data": [
      {
        "text": "Field-",
        "userDefined": false
      },
      {
        "text": "nlp",
        "meta": "@sys.any",
        "alias": "any",
        "userDefined": true
      }
    ],
    "isTemplate": false,
    "count": 0,
    "lang": "en",
    "updated": 0
  }
]