[
  {
    "id": "7e675fac-bbab-44d2-bdaa-f3e716ee4f77",
    "data": [
      {
        "text": "I want to search Author-64854",
        "userDefined": false
      }
    ],
    "isTemplate": false,
    "count": 0,
    "lang": "en",
    "updated": 0
  },
  {
    "id": "2d33b7cc-782f-4dcc-ac87-4daab4521cb9",
    "data": [
      {
        "text": "Author-",
        "userDefined": false
      },
      {
        "text": "5255",
        "meta": "@sys.number",
        "alias": "number",
        "userDefined": true
      }
    ],
    "isTemplate": false,
    "count": 0,
    "lang": "en",
    "updated": 0
  },
  {
    "id": "32bdf60e-aaa6-43b2-9308-4aa25df5296e",
    "data": [
      {
        "text": "Author",
        "userDefined": false
      },
      {
        "text": "-",
        "userDefined": false
      },
      {
        "text": "10080020",
        "meta": "@sys.number",
        "alias": "number",
        "userDefined": true
      }
    ],
    "isTemplate": false,
    "count": 0,
    "lang": "en",
    "updated": 0
  }
]