[
  {
    "id": "fda390a2-5a0f-4177-bc54-f355d9e257b1",
    "data": [
      {
        "text": "search Pid-",
        "userDefined": false
      },
      {
        "text": "dsadadsad213213",
        "meta": "@sys.any",
        "alias": "any",
        "userDefined": true
      }
    ],
    "isTemplate": false,
    "count": 0,
    "lang": "en",
    "updated": 0
  },
  {
    "id": "eb913a94-3023-48db-a133-55a268bf21e0",
    "data": [
      {
        "text": "check Pid-",
        "userDefined": false
      },
      {
        "text": "dsadadsad213213",
        "meta": "@sys.any",
        "alias": "any",
        "userDefined": true
      }
    ],
    "isTemplate": false,
    "count": 0,
    "lang": "en",
    "updated": 0
  },
  {
    "id": "cccd1789-bd41-4b47-a71d-8d1f3ef4811e",
    "data": [
      {
        "text": "It is Pid-",
        "userDefined": false
      },
      {
        "text": "dsadadsad213213",
        "meta": "@sys.any",
        "alias": "any",
        "userDefined": true
      }
    ],
    "isTemplate": false,
    "count": 0,
    "lang": "en",
    "updated": 0
  },
  {
    "id": "f3537b81-ae6d-44e9-a584-2bc29280c9c5",
    "data": [
      {
        "text": "I want to search Pid-",
        "userDefined": false
      },
      {
        "text": "dsa2343adsand1234",
        "meta": "@sys.any",
        "alias": "any",
        "userDefined": true
      }
    ],
    "isTemplate": false,
    "count": 0,
    "lang": "en",
    "updated": 0
  },
  {
    "id": "39faf238-c721-48d2-a7bf-c8380665cd89",
    "data": [
      {
        "text": "Pid-",
        "userDefined": false
      },
      {
        "text": "das589dsa74da",
        "meta": "@sys.any",
        "alias": "any",
        "userDefined": true
      }
    ],
    "isTemplate": false,
    "count": 0,
    "lang": "en",
    "updated": 0
  },
  {
    "id": "f835aa61-8e06-4db6-bbcb-787f11c11e39",
    "data": [
      {
        "text": "Pid-",
        "userDefined": false
      },
      {
        "text": "20122dsadsa",
        "meta": "@sys.any",
        "alias": "any",
        "userDefined": true
      }
    ],
    "isTemplate": false,
    "count": 0,
    "lang": "en",
    "updated": 0
  },
  {
    "id": "2d46a2e4-7be0-44b0-b100-1fec0dd8e184",
    "data": [
      {
        "text": "Pid-",
        "userDefined": false
      },
      {
        "text": "dsadf100fsda151",
        "meta": "@sys.any",
        "alias": "any",
        "userDefined": true
      }
    ],
    "isTemplate": false,
    "count": 0,
    "lang": "en",
    "updated": 0
  }
]